INSERT INTO public.commentaire (id, date_de_creation, contenu_texte, utilisateur_id) VALUES (1, '2018-12-03 17:22:41.404000', 'Ce topo est excellent !', 2);
INSERT INTO public.commentaire (id, date_de_creation, contenu_texte, utilisateur_id) VALUES (2, '2018-12-03 21:16:08.708000', 'Très bon topo.', 1);
INSERT INTO public.commentaire_sur_topo (topo_id, commentaire_id) VALUES (1, 1);
INSERT INTO public.commentaire_sur_topo (topo_id, commentaire_id) VALUES (1, 2);
INSERT INTO public.composition_site_topo (topo_id, site_id) VALUES (1, 1);
INSERT INTO public.composition_site_topo (topo_id, site_id) VALUES (2, 2);
INSERT INTO public.composition_site_topo (topo_id, site_id) VALUES (3, 3);
INSERT INTO public.emprunt (id, date_emprunt, date_retour, utilisateur_id, topo_id) VALUES (1, '2018-11-01', '2018-12-01', 1, 2);
INSERT INTO public.emprunt (id, date_emprunt, date_retour, utilisateur_id, topo_id) VALUES (2, '2018-08-01', '2018-08-31', 1, 2);
INSERT INTO public.emprunt (id, date_emprunt, date_retour, utilisateur_id, topo_id) VALUES (3, '2018-12-03', '2018-12-30', 1, 2);
INSERT INTO public.secteur (id, nom, description, coordonnee_x, coordonnee_y, site_id) VALUES (1, 'Secteur des confirmés', 'Sed pulvinar, ligula at commodo suscipit, lorem lectus dignissim tellus, non fringilla lorem sem non mauris. Mauris at mi erat. Donec at vehicula diam. Nullam vehicula dui nec scelerisque rutrum. Aenean et vehicula libero, sed efficitur lorem. Sed aliquam vel est vel auctor. Proin non diam facilisis, posuere sem eu, tempus ex. Nam pulvinar, magna a tristique efficitur, diam leo porta dolor, vel condimentum lacus sapien ac libero. Phasellus sodales felis non ullamcorper venenatis. Donec eleifend tempus placerat. Aliquam elementum risus elit, et hendrerit massa porta sed. Suspendisse faucibus sapien tellus, ut dapibus nisi fringilla a.', 15.1562, 16.1543, 1);
INSERT INTO public.secteur (id, nom, description, coordonnee_x, coordonnee_y, site_id) VALUES (2, 'Secteur des débutants', 'Etiam pharetra lectus eu lectus accumsan viverra. Integer ac magna feugiat, tincidunt purus ac, interdum urna. Mauris rhoncus sollicitudin ipsum, a dictum nulla consequat sit amet. In accumsan orci quis enim pellentesque, laoreet ullamcorper urna rhoncus. Orci varius natoque penatibus et magnis dis parturient montes, nascetur ridiculus mus. Morbi placerat tincidunt pulvinar. Nulla bibendum lorem mauris, ut ornare massa tincidunt id. Nullam vehicula molestie sollicitudin. Etiam viverra, turpis id dignissim pellentesque, tortor erat gravida eros, eget interdum dolor elit vel metus. Sed tincidunt lectus mollis libero tempor sodales. Quisque bibendum rutrum vulputate.', 15.156, 12.156, 1);
INSERT INTO public.secteur (id, nom, description, coordonnee_x, coordonnee_y, site_id) VALUES (3, 'Secteur du rocher', 'Lorem ipsum dolor sit amet, consectetur adipiscing elit. In nec dui eget sem tempus porttitor vitae non dolor. Donec vestibulum porttitor nulla, et aliquet leo dapibus sed. Sed convallis nec quam quis suscipit. Proin bibendum varius dui ac lobortis. Nam at accumsan sapien. Pellentesque sodales dui laoreet, aliquet nisi id, euismod metus. Morbi scelerisque orci vel neque mollis elementum. Suspendisse rutrum erat sem, hendrerit pretium neque iaculis eu. Pellentesque tincidunt sit amet nibh eget placerat. Etiam euismod luctus enim. Sed varius nulla tincidunt ante tempor sagittis.

', 15.98, 16.15, 2);
INSERT INTO public.secteur (id, nom, description, coordonnee_x, coordonnee_y, site_id) VALUES (4, 'Secteur n°1', 'Nullam tristique sapien a purus efficitur, a laoreet lacus mattis. Mauris euismod nunc maximus nibh vestibulum, in mattis augue porta. Nam at lorem erat. Proin efficitur nisl vel mi rutrum, nec rutrum orci feugiat. Integer imperdiet odio ultrices nisi feugiat vulputate. Fusce porttitor magna in pulvinar iaculis. Nulla vel magna ipsum. Praesent ut aliquam ligula, in congue ex. Nam dictum viverra sollicitudin. Vestibulum lectus sapien, volutpat sed lacinia in, posuere quis massa.', 12.216, 10.154, 3);
INSERT INTO public.secteur (id, nom, description, coordonnee_x, coordonnee_y, site_id) VALUES (5, 'Secteur n°2', 'Cras id tempus purus. Fusce semper risus velit. Vivamus a blandit ligula, id facilisis ligula. Curabitur semper augue mi, ultricies tincidunt libero commodo eget. Vivamus ex metus, mollis et sollicitudin vel, molestie vitae velit. Aenean tincidunt tortor arcu, ut scelerisque nisl gravida vitae. Nullam eget laoreet elit, at lobortis odio. Cras laoreet odio ut est tempor fermentum. In quis fermentum libero. Morbi id gravida justo, in facilisis leo. Vestibulum vitae mauris sollicitudin, porttitor lorem vel, fringilla mauris. Quisque id est elit. Proin lacinia, lorem sit amet interdum dignissim, diam ex vehicula dolor, eget aliquam nunc enim ut diam. Maecenas imperdiet, dui at suscipit pulvinar, ante mi lobortis augue, eget posuere augue felis a turpis. Integer mi nisl, tristique quis turpis suscipit, faucibus elementum magna.

', 12.216, 10.154, 3);
INSERT INTO public.site (id, nom, description, profil, roche, type, coordonnee_x, coordonnee_y) VALUES (1, 'Site des fous de grimpe', 'Pellentesque et scelerisque mauris, at efficitur leo. Pellentesque at quam purus. Nullam lacinia erat elit, vitae semper libero finibus at. Nulla in massa pellentesque, efficitur tortor et, blandit massa. Suspendisse potenti. Nam vitae blandit velit. Class aptent taciti sociosqu ad litora torquent per conubia nostra, per inceptos himenaeos. Aliquam erat volutpat. In hac habitasse platea dictumst. Phasellus ac accumsan sem. Pellentesque habitant morbi tristique senectus et netus et malesuada fames ac turpis egestas. Mauris egestas velit lectus, sed elementum sem facilisis ut. Aliquam non purus et neque finibus aliquam vel vitae ipsum. Fusce sodales mollis maximus. Nullam vitae pharetra mi.', 'Paroi verticale', 'Granit', 'Bloc', 15.156, 12.588);
INSERT INTO public.site (id, nom, description, profil, roche, type, coordonnee_x, coordonnee_y) VALUES (2, 'Site de la fougère', 'Morbi pellentesque sapien lorem, eu ultricies est viverra vitae. Vestibulum tincidunt ultricies justo vel posuere. Nunc tincidunt tincidunt lectus, malesuada dapibus neque porttitor vitae. Praesent mattis faucibus neque ut consequat. Ut ac odio vel eros euismod aliquet. Nunc maximus vestibulum erat at lacinia. Sed ultricies auctor ultricies. Nullam ullamcorper arcu non felis fringilla, sed feugiat orci elementum. Donec vitae tellus augue. Vestibulum ante ipsum primis in faucibus orci luctus et ultrices posuere cubilia Curae; Vestibulum ante ipsum primis in faucibus orci luctus et ultrices posuere cubilia Curae; Pellentesque sit amet urna in elit blandit maximus sit amet quis nisi. Maecenas efficitur lobortis nunc, convallis dictum dolor eleifend non.

', 'Dalle', 'Beton', 'Couenne', 12.123, 13.155);
INSERT INTO public.site (id, nom, description, profil, roche, type, coordonnee_x, coordonnee_y) VALUES (3, 'Site de la roche au pics', 'Cras vehicula justo id fermentum maximus. Mauris urna velit, imperdiet vel tempor eu, viverra ut sapien. Curabitur porttitor, sem quis posuere tincidunt, urna lacus tincidunt purus, ut dictum magna urna eget lectus. Integer sed consequat urna, pharetra mollis nisi. Suspendisse sed eros vel magna convallis eleifend. Sed eu metus venenatis, cursus dolor ac, sollicitudin velit. Proin dapibus augue nunc, sit amet tincidunt lacus porta sed. Praesent dictum ligula metus, a pulvinar ex tincidunt quis. Duis lectus lacus, ornare vitae ligula in, laoreet dictum augue.', 'Dévers', 'Beton', 'Couenne', 11.659, 15.546);
INSERT INTO public.topo (id, titre, auteur, description, proprietaire_id) VALUES (1, 'Topo des mont du Cantal', 'AlpinisteDu15', 'Phasellus aliquet tincidunt eros. Sed congue dictum vehicula. Nullam vehicula, est eget eleifend lacinia, ante velit tempor sem, sed consequat ante enim id sapien. Morbi dictum interdum ultricies. Maecenas consequat sem sit amet mi semper gravida. Aliquam efficitur a tellus eu vehicula. Nullam vitae neque sit amet nisl rhoncus imperdiet.', 1);
INSERT INTO public.topo (id, titre, auteur, description, proprietaire_id) VALUES (2, 'Topo chef', 'Michel Dupont', 'Morbi fringilla porttitor massa dignissim hendrerit. Aenean dolor nibh, molestie ac convallis at, molestie sed dui. Vestibulum ultrices rhoncus lacus, viverra pulvinar lorem laoreet eu. Vivamus vehicula commodo dolor a porttitor. Maecenas euismod ligula a nulla mattis, quis mollis arcu condimentum. Pellentesque habitant morbi tristique senectus et netus et malesuada fames ac turpis egestas. Pellentesque aliquet facilisis dui ut ullamcorper. In hac habitasse platea dictumst. Vivamus eu convallis augue. Cras consequat nunc at risus semper, non auctor dolor imperdiet. Nulla facilisi. Aliquam pharetra nisi et egestas euismod. Donec laoreet felis et ultricies consequat. Quisque mollis libero libero, ac dapibus nisl fermentum ut. Nulla et bibendum lorem. Orci varius natoque penatibus et magnis dis parturient montes, nascetur ridiculus mus.
', 2);
INSERT INTO public.topo (id, titre, auteur, description, proprietaire_id) VALUES (3, 'Topo des Pyrénées orientales', 'Jerricoh', 'Aliquam tristique, est pretium rutrum euismod, neque eros consectetur purus, mollis auctor enim lacus id justo. Praesent vitae consequat nunc, porttitor dictum ipsum. Aenean mauris justo, finibus interdum convallis non, fringilla sit amet nisi. Integer aliquet molestie tellus, at viverra tortor suscipit sed. In eu lorem tincidunt, faucibus odio hendrerit, lobortis nibh. Nullam blandit gravida bibendum. Ut ac dictum ante. Pellentesque pharetra lorem id libero luctus, sit amet finibus mauris imperdiet. Sed finibus commodo tortor sed dignissim. Quisque tellus turpis, laoreet eu ante id, varius maximus dolor. Suspendisse ornare lobortis commodo. Cras congue vehicula sodales. Donec purus justo, sodales sed nulla non, tristique vehicula nunc. Suspendisse turpis erat, vestibulum non magna et, luctus tristique libero.

', 3);
INSERT INTO public.utilisateur (id, nom, prenom, pseudo, adresse, description, adresse_mail, date_inscription, uuid, hash_du_mot_de_passe) VALUES (1, 'GG', 'Walez', 'Elgringo', '5 nomDeRue 55000 nomDeVille', 'Je suis un grimpeur novice et je partage des topo sur ce site.', 'dub@zup.teribozio', '2018-12-02', 'c7ba4e12-0fb8-4aae-93df-7733cbab6ffc', '$2a$12$yVsZdfihA6fiiHTulDxYYuAKsBOTF4BSSSdepi4jGxO8OhzgFEva2');
INSERT INTO public.utilisateur (id, nom, prenom, pseudo, adresse, description, adresse_mail, date_inscription, uuid, hash_du_mot_de_passe) VALUES (2, 'Lero', 'Erwan', 'Nerfer', '2 nomDeRue 22000 nomDeVille', 'J''ai commencé l''escalade il y a trois ans, je peux grimper des voie jusqu''à 7b+.', 'stiledeu@caramail.fr', '2018-12-02', 'cbcf2781-f126-48be-af1c-6902f3a4c637', '$2a$12$fMdiZZLeKn8H98z1O/3bgOzifW1R2ypAHxz75iLuF9OrYcpAjv09y');
INSERT INTO public.utilisateur (id, nom, prenom, pseudo, adresse, description, adresse_mail, date_inscription, uuid, hash_du_mot_de_passe) VALUES (3, 'Klirre', 'Léo', 'Mork', '71 nomDeRue 71000 nomDeVille', 'Je vis près des Pyrénées. J''ai fais de l''escalade toute ma vie.', 'mldsq@dklj.fr', '2018-12-03', '59d79d5b-bb18-4363-8968-bce55f391ccd', '$2a$12$GFscK8e7ejCprWXujCZ8mOL7nZZYXgDHWwF.YgBBshoJgTOw66WuS');
INSERT INTO public.voie (id, nom, description, nombre_points, nombre_longueurs, cotation, hauteur, secteur_id) VALUES (1, 'Voie difficile n°1', 'Mauris in enim enim. Phasellus felis turpis, fermentum at dolor eu, scelerisque gravida neque. Aenean ante orci, aliquet sed hendrerit sed, tempus id nisi. Integer eget placerat nisl, et volutpat mauris. Fusce tempus justo mattis, maximus odio eu, rutrum nibh. Nam sed sagittis nulla. Curabitur commodo nunc purus. Aliquam erat volutpat. Suspendisse dictum odio ante. Pellentesque rutrum gravida velit, sit amet efficitur magna vulputate quis.

', 7, 1, '8b-', '16m', 1);
INSERT INTO public.voie (id, nom, description, nombre_points, nombre_longueurs, cotation, hauteur, secteur_id) VALUES (2, 'Voie difficile n°2', 'Nunc condimentum luctus ullamcorper. Fusce eros lectus, ultrices at semper nec, elementum fringilla lectus. Donec in massa dignissim, fringilla sapien ut, placerat elit. Vestibulum enim orci, lobortis quis ex nec, porttitor aliquet ex. Duis sagittis risus sit amet dictum posuere. Aenean at gravida ex. Sed elementum egestas mollis. Phasellus nec est est. Phasellus suscipit nulla et quam fermentum congue quis nec mi. Vestibulum tincidunt nec nisi id tempor. Donec efficitur nunc ut quam condimentum, eu dignissim massa elementum.

', 6, 2, '7a', '25m', 1);
INSERT INTO public.voie (id, nom, description, nombre_points, nombre_longueurs, cotation, hauteur, secteur_id) VALUES (3, 'Voie difficile n°3', 'Nam ornare arcu malesuada odio laoreet pulvinar. Quisque consequat ac magna ut pharetra. Ut leo mauris, imperdiet eget fermentum sit amet, tempor id sem. Sed facilisis, lectus eu facilisis blandit, dui tortor convallis nisl, vitae tristique diam enim at leo. Ut a nisl id diam suscipit luctus. Ut scelerisque mollis sapien varius facilisis. Ut mauris ex, feugiat ut gravida luctus, rhoncus eu quam. Proin non ipsum nibh.

', 8, 1, '6b+', '19m', 1);
INSERT INTO public.voie (id, nom, description, nombre_points, nombre_longueurs, cotation, hauteur, secteur_id) VALUES (4, 'Voie du diable', 'Nam eget velit non nisi lobortis feugiat sed nec orci. Etiam laoreet pulvinar velit placerat placerat. Morbi mi lorem, sagittis nec mi ac, ullamcorper sodales dui. Etiam sed interdum justo, eget ullamcorper sem. Nulla sagittis placerat nulla, id pharetra dolor congue ac. Praesent id sapien pulvinar, congue augue eget, consequat lorem. Nullam tempor tincidunt massa nec euismod.

', 18, 2, '7a-', '32m', 3);
INSERT INTO public.voie (id, nom, description, nombre_points, nombre_longueurs, cotation, hauteur, secteur_id) VALUES (5, 'Voie du démon', 'Nulla molestie dapibus blandit. Duis nec massa feugiat ligula molestie fringilla. Sed gravida dolor sit amet pulvinar consectetur. Suspendisse vestibulum ex sed neque aliquam, non finibus dui eleifend. Praesent id pellentesque massa. Nam a ex eget nisl lobortis vehicula. Aenean dictum interdum accumsan. Etiam lacus mauris, imperdiet sit amet tortor non, ultrices aliquam ipsum. Maecenas ac felis in purus ornare tristique.

', 7, 1, '8a', '17m', 3);
INSERT INTO public.voie (id, nom, description, nombre_points, nombre_longueurs, cotation, hauteur, secteur_id) VALUES (6, 'Voie de l''éclair', 'Nam eu pretium velit, tincidunt congue risus. Integer ornare id lorem sed iaculis. Curabitur ac dictum velit, vitae tristique dui. Proin ultricies, turpis eu hendrerit aliquam, quam quam bibendum ante, eu sagittis felis tellus et diam. Aenean at tincidunt eros, non sodales mauris. Vestibulum sed augue in leo dapibus pretium. Aenean at eros sit amet ante ultricies efficitur. Nullam eget erat vel lacus porta commodo id quis massa. Aenean laoreet porta odio, in ullamcorper nunc lacinia in. Duis vel mollis arcu. Mauris ut nibh sit amet orci viverra pretium eget eu metus. Mauris euismod dui libero. Vestibulum ante ipsum primis in faucibus orci luctus et ultrices posuere cubilia Curae; Curabitur laoreet dignissim quam, a tempor justo egestas et.

', 18, 1, '7c+', '25m', 4);
INSERT INTO public.voie (id, nom, description, nombre_points, nombre_longueurs, cotation, hauteur, secteur_id) VALUES (7, 'Voie de spring', 'In fermentum eget magna ut accumsan. Mauris pretium scelerisque lorem, ut hendrerit mi convallis commodo. Curabitur sed quam vitae risus luctus interdum. Morbi elit nulla, eleifend ac enim et, molestie tristique lectus. Pellentesque habitant morbi tristique senectus et netus et malesuada fames ac turpis egestas. Nunc porta nibh vel aliquet tempor. Nunc lectus ipsum, pellentesque et interdum sed, sollicitudin nec urna. Donec purus purus, volutpat et blandit at, consequat at massa. Orci varius natoque penatibus et magnis dis parturient montes, nascetur ridiculus mus. Nunc sed tortor feugiat, lobortis metus sed, egestas ligula. Phasellus tortor augue, tristique at justo eget, ornare venenatis arcu. Aliquam euismod nisl sed turpis varius convallis. Cras ullamcorper euismod rutrum. Curabitur tincidunt dui in est maximus cursus. Nam sit amet libero et arcu vulputate suscipit. Duis rhoncus libero urna, ut tristique sem viverra suscipit.

', 6, 1, '4b+', '19m', 5);